{"properties": [
  {
    "name": "spring.cloud.gateway.routes[0].id",
    "type": "java.lang.String",
    "description": "A description for 'spring.cloud.gateway.routes[0].id'"
  },
  {
    "name": "spring.cloud.gateway.routes[0].url",
    "type": "java.lang.String",
    "description": "A description for 'spring.cloud.gateway.routes[0].url'"
  },
  {
    "name": "spring.cloud.gateway.routes[0].predicates[0]",
    "type": "java.lang.String",
    "description": "A description for 'spring.cloud.gateway.routes[0].predicates[0]'"
  }
]}